Date,true_label,Format
05-MAR-1985 22:58+08:00,0,0
14-FEB-2013 14:12+05:00,0,0
04-JAN-1990 15:43+03:00,0,0
17-FEB-1994 06:32AM+04:00,0,0
14-MAR-1998 01:17PM+09:00,0,0
27-APR-2019 18:11+02:00,0,0
19-MAY-2004 21:15-12:00,0,0
04-JUN-1970 20:01+04:00,0,0
20-JUL-1985 12:26AM+12:00,0,0
20-AUG-1977 00:45-07:00,0,0
12-SEP-2005 09:29PM-12:00,0,0
21-OCT-1995 23:25+07:00,0,0
25-NOV-2019 01:31PM+07:00,0,0
21-DEC-1976 20:39-12:00,0,0
04-DEC-1991 02:23AM+11:00,0,0
14-AUG-1984 09:34AM+01:00,0,0
31-MAY-2007 16:05-08:00,0,0
08-JUN-2021 06:04AM-05:00,0,0
17-JUN-2011 18:40+09:00,0,0
05-DEC-1988 12:13PM+07:00,0,0
20-DEC-1976 15:56-12:00,0,0
02-DEC-1998 00:34+01:00,0,0
19-APR-1979 21:34-12:00,0,0
13-OCT-2016,0,4
"""14-JUN-2018""",1,4
"""01-JUL-1986""",1,4
"""03-MAR-1994 09:57PM+06:00""",2,0
"""25-APR-2001 00:14+10:00""",2,0
10-APR-1992 00:00+00:00,3,0
15-DEC-1993 00:00+00:00,3,0
09-APR-90,4,4
21-MAY-04,4,4
20-JUN-18,4,4
13-AUG-79,4,4
19-JUL-92,4,4
24-FEB-77,4,4
01-APR-95 07:41AM-11:00,5,0
31-MAY-00 15:14+08:00,5,0
04-DEC-04 01:01PM-11:00,5,0
28-JUL-99 03:36AM+03:00,5,0
11-DEC-86 02:34AM+10:00,5,0
25-APR-73 05:19AM-06:00,5,0
22-SEP-2001 06:50+03:00,6,0
02-JUN-1985 06:38-04:00,6,0
17-SEP-2005 02:36-05:00,6,0
05-OCT-2019 08:36-04:00,6,0
14-DEC-1984 10:07-01:00,6,0
13-NOV-1998 11:23-03:00,6,0
01-SEP-1972 06:08-06:00,6,0
20-APR-1984 03:42+05:00,6,0
20-MAR-1998 12:13+08:00,6,0
14-JUN-2003 01:33-06:00,6,0
10-MAY-1992 11:34PM,7,0
06-OCT-1974 09:58PM,7,0
18-DEC-1993 05:35PM,7,0
05-FEB-1975 02:10PM,7,0
16-OCT-1973 16:19,7,0
17-AUG-1999 05:09AM,7,0
31-AUG-1973 03:47:25.0566AM +02:00,0,1
31-OCT-2014 06:59:30.0570AM -11:00,0,1
29-JAN-1997 13:27:36.0048 -04:00,0,1
06-FEB-2005 11:17:04.0535PM +08:00,0,1
20-MAR-1976 04:07:26.0562AM +12:00,0,1
09-APR-1986 11:46:02.0080PM +12:00,0,1
05-MAY-1977 00:47:36.0028 -12:00,0,1
26-JUN-2021 03:11:54.0634PM -12:00,0,1
08-JUL-1973 16:22:21.0008 +08:00,0,1
18-AUG-1995 05:22:53.0729PM -03:00,0,1
23-SEP-2005 10:18:32.0531PM +12:00,0,1
01-OCT-2003 20:05:38.0509 -10:00,0,1
09-NOV-2002 07:33:53.0839PM +12:00,0,1
10-DEC-2010 13:20:02.0417 +04:00,0,1
05-MAY-2013 14:19:36.0053 +04:00,0,1
22-MAY-1995 08:11:10.0380PM +01:00,0,1
09-JUN-1991 12:49:32.0941AM +12:00,0,1
28-FEB-1990 00:06:37.0989 -10:00,0,1
03-AUG-1979 10:23:04.0195PM +02:00,0,1
16-MAY-2019 04:31:16.0000AM +03:00,0,1
09-JUN-1997 10:40:46.0097AM +02:00,0,1
06-MAY-2021 22:58:07.0403 +12:00,0,1
27-OCT-2017 19:43:23.0089 -12:00,0,1
13-FEB-1975,0,4
"""02-AUG-2019""",1,4
"""09-AUG-1982""",1,4
"""11-JUN-1977 02:03:44.0051AM +06:00""",2,1
"""18-JUN-2015 09:09:25.0453AM +04:00""",2,1
01-OCT-1999 12:00:00.0000AM +00:00,3,1
30-MAR-1995 12:00:00.0000AM +00:00,3,1
04-MAR-21,4,4
06-JUL-76,4,4
16-APR-17,4,4
01-FEB-04,4,4
02-JAN-87,4,4
07-AUG-84,4,4
06-SEP-17 22:44:24.0241 -12:00,5,1
20-JUN-90 17:55:33.0233 -10:00,5,1
19-FEB-03 23:13:55.0398 -02:00,5,1
26-MAR-19 22:04:11.0090 -11:00,5,1
07-APR-00 08:34:14.0921PM -06:00,5,1
12-APR-03 09:39:00.0106AM +08:00,5,1
15-FEB-2019 11:26:09.0240 +11:00,6,1
01-FEB-2007 06:58:53.0612 -10:00,6,1
15-NOV-1971 07:33:55.0669 +08:00,6,1
23-JUN-2000 10:46:15.0094 +10:00,6,1
25-AUG-2020 01:44:10.0524 -09:00,6,1
12-SEP-1998 12:24:10.0736 +01:00,6,1
26-JUN-2019 01:52:22.0405 +02:00,6,1
25-JAN-1990 09:46:26.0585 -06:00,6,1
15-DEC-1990 06:55:27.0200 +06:00,6,1
15-JAN-1986 01:54:36.0534 -02:00,6,1
16-JUL-1991 11:04:35.0745AM ,7,1
01-JAN-2000 07:22:17.0914PM ,7,1
28-AUG-1978 20:12:11.0066 ,7,1
16-JAN-1995 01:32:48.0509PM ,7,1
14-JUL-2010 12:32:56.0673PM ,7,1
08-OCT-2009 18:24:31.0347 ,7,1
06-FEB-1977 04:16:51PM-11:00,0,2
06-AUG-2018 00:59:35-04:00,0,2
20-JAN-1978 18:05:52+08:00,0,2
09-FEB-1975 19:58:50-07:00,0,2
15-MAR-1995 15:50:44+05:00,0,2
14-APR-1981 02:24:38PM-08:00,0,2
24-MAY-1970 10:35:31PM-01:00,0,2
23-JUN-1993 22:20:16+04:00,0,2
27-JUL-1994 17:34:25+07:00,0,2
09-AUG-1979 15:46:01+02:00,0,2
12-SEP-2007 17:00:17+05:00,0,2
08-OCT-1990 01:39:41PM-01:00,0,2
19-NOV-2002 02:51:47AM+01:00,0,2
21-DEC-1985 13:29:57+01:00,0,2
02-DEC-1982 18:33:08-11:00,0,2
28-DEC-2006 02:14:40AM+09:00,0,2
10-OCT-2000 18:30:53+07:00,0,2
06-MAR-1991 19:08:29-07:00,0,2
11-MAY-1992 12:05:01AM-07:00,0,2
29-APR-2009 03:02:33PM+00:00,0,2
30-NOV-1999 21:25:33+06:00,0,2
25-FEB-1975 16:49:02+01:00,0,2
21-FEB-2000 16:57:29-04:00,0,2
27-JUN-1972,0,4
"""29-JUL-1995""",1,4
"""04-JAN-1971""",1,4
"""20-APR-1999 02:51:26AM+03:00""",2,2
"""04-DEC-1974 16:50:11-08:00""",2,2
06-JAN-1976 00:00:00+00:00,3,2
09-NOV-2016 00:00:00+00:00,3,2
07-NOV-75,4,4
19-APR-15,4,4
22-DEC-14,4,4
27-JUL-90,4,4
04-OCT-16,4,4
17-OCT-84,4,4
28-FEB-74 16:56:02+11:00,5,2
14-FEB-91 01:12:05AM+01:00,5,2
09-MAY-84 21:00:41+08:00,5,2
12-APR-73 12:56:03PM-03:00,5,2
05-AUG-80 11:21:16AM+06:00,5,2
11-APR-72 11:33:34PM+04:00,5,2
03-JUN-2017 09:18:23-03:00,6,2
09-JUN-2004 04:48:33-02:00,6,2
12-NOV-1986 01:40:10+06:00,6,2
24-APR-2005 07:12:57+11:00,6,2
01-SEP-1971 10:54:31-11:00,6,2
19-OCT-2012 11:33:38+09:00,6,2
16-MAY-2004 06:59:29+03:00,6,2
25-JUL-2018 07:11:57+03:00,6,2
22-MAY-2005 04:43:10-04:00,6,2
19-SEP-1975 06:45:21+00:00,6,2
27-JUN-1974 02:36:02PM,7,2
27-JAN-1978 06:32:52AM,7,2
18-SEP-1990 00:26:57,7,2
21-JUL-2000 09:27:31AM,7,2
24-JUL-2015 14:37:15,7,2
12-OCT-2002 13:34:53,7,2
15-MAR-1984 19.34 -10:00,0,3
14-JAN-2001 05.24 AM-10:00,0,3
10-JAN-1971 15.14 +04:00,0,3
22-FEB-2001 07.11 PM+00:00,0,3
09-MAR-1977 13.18 +02:00,0,3
08-APR-2008 13.52 -05:00,0,3
17-MAY-1973 17.56 +12:00,0,3
14-JUN-1996 11.51 AM-03:00,0,3
22-JUL-1983 23.17 -07:00,0,3
18-AUG-1996 05.04 PM-06:00,0,3
08-SEP-2020 12.03 PM-11:00,0,3
28-OCT-2006 21.57 -04:00,0,3
03-NOV-2008 03.26 AM+06:00,0,3
11-DEC-1986 09.10 PM+04:00,0,3
08-JUL-1994 04.57 AM+10:00,0,3
04-OCT-1995 06.22 PM-10:00,0,3
22-JUL-1975 18.17 +11:00,0,3
10-JUL-1981 19.09 -09:00,0,3
31-DEC-2016 04.40 PM-06:00,0,3
19-APR-1996 06.19 PM+09:00,0,3
28-AUG-1998 23.20 -10:00,0,3
27-FEB-1988 20.13 +12:00,0,3
20-JAN-1989 18.08 -04:00,0,3
13-FEB-1978,0,4
"""16-DEC-1991""",1,4
"""04-SEP-1996""",1,4
"""16-MAR-1975 22.04 +04:00""",2,3
"""09-OCT-1973 22.36 -01:00""",2,3
11-SEP-1987 00.00 +00:00,3,3
22-MAR-2012 00.00 +00:00,3,3
27-DEC-72,4,4
09-FEB-96,4,4
15-JUN-89,4,4
01-SEP-94,4,4
28-APR-89,4,4
17-FEB-70,4,4
19-JUN-07 10.00 PM+11:00,5,3
23-NOV-11 10.56 PM-11:00,5,3
18-JAN-11 03.41 PM-01:00,5,3
15-NOV-96 02.05 PM-06:00,5,3
29-JAN-20 08.00 PM-07:00,5,3
15-JUL-07 05.52 PM-09:00,5,3
02-NOV-1979 11.34 -06:00,6,3
14-OCT-1991 03.50 +09:00,6,3
27-MAR-2004 09.47 -10:00,6,3
13-JUN-1988 06.34 -04:00,6,3
22-AUG-2020 12.05 +06:00,6,3
27-MAY-1978 09.31 -03:00,6,3
31-OCT-2013 02.21 -11:00,6,3
10-JUL-2004 12.20 +10:00,6,3
08-FEB-2013 11.30 +12:00,6,3
25-MAR-2015 10.18 +10:00,6,3
04-NOV-1977 20.00 ,7,3
15-DEC-1985 20.23 ,7,3
10-APR-2001 15.23 ,7,3
14-MAY-1995 01.34 PM,7,3
05-MAR-2004 13.15 ,7,3
03-DEC-1991 20.26 ,7,3
08/05/1971 23:14-10:00,0,5
07/24/2006 04:01AM+07:00,0,5
01/23/2008 00:12+04:00,0,5
02/26/1993 02:32PM-01:00,0,5
03/23/1999 01:44AM+02:00,0,5
04/25/2014 03:58AM-10:00,0,5
05/24/2001 12:19PM+07:00,0,5
06/27/2005 14:00+06:00,0,5
07/19/1978 04:29PM-02:00,0,5
08/04/2006 03:41PM+02:00,0,5
09/05/2002 22:14-04:00,0,5
10/23/2021 18:51+07:00,0,5
11/13/1987 11:10AM-09:00,0,5
12/17/2010 19:35-09:00,0,5
06/04/2012 16:10+04:00,0,5
07/05/2018 06:34AM-06:00,0,5
07/11/2006 17:21-03:00,0,5
12/30/2009 14:04+05:00,0,5
01/03/2019 12:33PM-09:00,0,5
09/01/2004 20:49-03:00,0,5
12/24/1997 21:02-01:00,0,5
10/18/2019 03:33AM+03:00,0,5
05/06/2004 01:27AM-02:00,0,5
03/06/1981,0,9
"""05/08/1978""",1,9
"""06/19/2016""",1,9
"""03/19/1998 18:32-07:00""",2,5
"""06/15/1997 01:25AM+08:00""",2,5
11/21/2004 12:00AM+00:00,3,5
09/10/1984 00:00+00:00,3,5
08/05/81,4,9
11/24/91,4,9
04/15/88,4,9
06/07/09,4,9
06/24/84,4,9
09/19/74,4,9
03/14/83 19:11+09:00,5,5
09/27/89 14:36+07:00,5,5
02/03/72 14:24-06:00,5,5
12/22/82 15:11-03:00,5,5
02/22/91 07:51PM-04:00,5,5
12/15/02 17:03+09:00,5,5
05/12/1992 01:07-11:00,6,5
07/29/1994 05:39-10:00,6,5
06/19/2013 03:49+05:00,6,5
05/13/1988 06:41-08:00,6,5
06/25/2001 02:08+12:00,6,5
05/20/2004 08:24+00:00,6,5
09/26/1980 08:07+09:00,6,5
02/10/1995 12:01-04:00,6,5
10/29/1980 02:18+07:00,6,5
03/16/2021 01:31+02:00,6,5
04/14/1992 21:57,7,5
05/25/1972 06:24PM,7,5
04/12/1988 04:10PM,7,5
01/26/2005 07:40AM,7,5
05/09/2021 05:46PM,7,5
11/20/1992 19:48,7,5
11/09/1993 05:54:05.0649PM +08:00,0,6
07/23/2015 13:38:19.0452 +01:00,0,6
01/23/1988 00:04:55.0269 +10:00,0,6
02/16/2020 20:51:46.0325 -08:00,0,6
03/09/1981 00:38:59.0000 -04:00,0,6
04/26/1976 09:10:07.0424PM +10:00,0,6
05/04/2009 21:15:02.0580 +03:00,0,6
06/19/1989 17:26:24.0632 +10:00,0,6
07/24/1990 16:43:19.0995 -12:00,0,6
08/10/1989 12:29:03.0268PM +05:00,0,6
09/20/1994 23:46:35.0907 +12:00,0,6
10/30/2005 12:57:20.0254AM -09:00,0,6
11/09/2017 19:23:16.0793 -06:00,0,6
12/28/1976 23:03:14.0077 -08:00,0,6
12/02/2013 07:22:03.0120AM -06:00,0,6
02/27/1983 09:29:41.0119PM +07:00,0,6
02/04/2006 12:52:13.0471AM +07:00,0,6
03/18/2014 14:04:07.0235 +07:00,0,6
10/21/1985 05:37:05.0163AM -05:00,0,6
09/08/1982 06:51:49.0001AM +00:00,0,6
11/02/1983 02:34:12.0098AM -10:00,0,6
09/19/2017 04:32:15.0921AM +00:00,0,6
08/12/1991 19:37:26.0668 -05:00,0,6
04/13/2004,0,9
"""11/04/1998""",1,9
"""06/30/2010""",1,9
"""02/03/2016 07:53:34.0318AM +05:00""",2,6
"""06/19/1998 18:00:14.0834 +12:00""",2,6
01/19/2010 12:00:00.0000AM +00:00,3,6
08/14/1970 12:00:00.0000AM +00:00,3,6
07/21/19,4,9
10/02/04,4,9
08/02/19,4,9
05/17/72,4,9
06/23/18,4,9
10/07/93,4,9
08/31/77 10:00:39.0248AM +03:00,5,6
08/09/95 14:18:30.0568 +12:00,5,6
05/27/72 16:52:57.0658 +11:00,5,6
02/20/98 04:21:20.0751PM -11:00,5,6
04/23/15 00:47:56.0793 +08:00,5,6
11/16/76 16:07:02.0915 +11:00,5,6
03/07/1996 06:21:07.0108 -03:00,6,6
10/30/2007 06:46:03.0470 -06:00,6,6
09/18/1983 05:43:22.0041 -11:00,6,6
03/08/2002 11:37:24.0150 -10:00,6,6
04/21/1994 02:27:41.0077 +07:00,6,6
07/13/1991 11:05:05.0692 +06:00,6,6
05/29/1993 05:52:05.0620 +05:00,6,6
05/13/1983 05:07:33.0687 -01:00,6,6
03/07/1982 04:19:28.0438 -09:00,6,6
05/14/1977 10:52:37.0494 -04:00,6,6
05/31/1977 09:09:54.0308AM ,7,6
03/22/1998 01:35:52.0342AM ,7,6
02/19/1988 23:08:32.0771 ,7,6
10/08/1979 19:08:28.0814 ,7,6
03/14/2000 01:09:41.0093AM ,7,6
02/15/1973 20:55:45.0842 ,7,6
03/10/1984 21:13:13+07:00,0,7
01/07/2002 00:58:19+11:00,0,7
01/05/2018 21:44:17-09:00,0,7
02/20/1980 21:46:58-01:00,0,7
03/02/1983 08:30:50AM+00:00,0,7
04/12/2001 11:03:28PM+05:00,0,7
05/17/1995 11:50:10PM+12:00,0,7
06/12/1981 04:49:13AM-06:00,0,7
07/07/1981 00:42:28-02:00,0,7
08/08/2013 05:37:33PM-05:00,0,7
09/14/2016 00:04:57-11:00,0,7
10/08/1989 11:18:49AM-07:00,0,7
11/05/1996 12:55:39AM-01:00,0,7
12/28/1998 03:39:43PM-06:00,0,7
06/08/2018 23:52:59+01:00,0,7
08/20/2018 07:04:49AM+08:00,0,7
03/29/1986 22:39:23+11:00,0,7
11/25/2019 22:05:27-02:00,0,7
08/19/2009 05:38:06AM-12:00,0,7
10/29/2001 22:45:57-10:00,0,7
07/11/1989 05:37:53AM-11:00,0,7
11/08/1983 02:04:55PM+06:00,0,7
09/24/2007 12:33:02PM-03:00,0,7
02/04/2021,0,9
"""09/20/2006""",1,9
"""09/09/2008""",1,9
"""12/11/1976 17:59:36+12:00""",2,7
"""02/19/2019 00:36:17-01:00""",2,7
03/03/2004 00:00:00+00:00,3,7
04/23/1978 00:00:00+00:00,3,7
09/16/93,4,9
07/21/95,4,9
10/24/14,4,9
02/19/18,4,9
09/27/88,4,9
04/06/09,4,9
12/02/73 20:57:58+00:00,5,7
01/12/99 13:39:52+12:00,5,7
12/22/85 07:11:46PM-12:00,5,7
10/25/06 07:26:08AM+01:00,5,7
07/04/20 02:02:03PM+00:00,5,7
01/12/13 19:36:03+09:00,5,7
02/07/2011 03:45:28+09:00,6,7
03/13/1992 10:04:04-04:00,6,7
07/02/1974 02:26:12-09:00,6,7
03/05/2003 10:52:30+11:00,6,7
01/30/1991 12:30:53-10:00,6,7
06/12/2003 10:57:33+02:00,6,7
12/28/2004 07:10:31+06:00,6,7
06/09/2009 09:49:11+06:00,6,7
02/26/1975 04:34:38-04:00,6,7
06/18/1984 01:48:15+02:00,6,7
01/26/1989 22:32:01,7,7
10/19/1970 20:54:17,7,7
04/08/1993 01:15:13PM,7,7
09/23/1974 14:59:16,7,7
05/06/1984 20:48:55,7,7
10/10/2009 07:21:33AM,7,7
06/22/1970 19.31 -10:00,0,8
03/17/2005 07.47 AM-09:00,0,8
01/04/1988 13.14 +10:00,0,8
02/19/2011 17.03 -12:00,0,8
03/10/2016 22.50 +00:00,0,8
04/25/2015 14.24 -02:00,0,8
05/13/1974 05.00 PM-02:00,0,8
06/14/2012 03.02 AM-08:00,0,8
07/24/2001 10.37 PM+08:00,0,8
08/24/1971 10.19 PM-04:00,0,8
09/28/1982 00.05 -07:00,0,8
10/27/1991 10.05 AM+00:00,0,8
11/25/2016 19.38 -11:00,0,8
12/18/2016 20.18 +06:00,0,8
05/08/2009 16.27 +04:00,0,8
02/12/1975 01.19 AM-10:00,0,8
11/04/1991 18.08 -09:00,0,8
10/29/1999 23.04 -05:00,0,8
02/13/2007 22.36 -05:00,0,8
01/25/2010 15.42 +05:00,0,8
05/17/1996 18.48 +00:00,0,8
08/30/1996 19.56 +05:00,0,8
05/17/1991 16.05 -06:00,0,8
10/03/1980,0,9
"""02/05/2010""",1,9
"""07/01/1995""",1,9
"""04/12/1999 09.03 AM+09:00""",2,8
"""07/30/1973 09.44 PM-05:00""",2,8
03/18/2008 12.00 AM+00:00,3,8
06/04/2001 12.00 AM+00:00,3,8
07/07/87,4,9
10/20/06,4,9
11/21/98,4,9
08/26/84,4,9
05/18/06,4,9
10/06/91,4,9
05/23/85 05.33 PM-08:00,5,8
10/31/96 00.30 +09:00,5,8
03/29/95 16.23 +03:00,5,8
01/04/96 06.12 PM-04:00,5,8
02/01/79 09.06 AM-04:00,5,8
01/11/88 17.15 -05:00,5,8
11/05/1987 10.34 -05:00,6,8
10/09/2019 11.25 -07:00,6,8
11/17/2021 07.57 +03:00,6,8
09/22/1970 12.01 +01:00,6,8
02/19/1974 03.44 -07:00,6,8
05/29/1984 11.13 +04:00,6,8
12/14/2018 06.01 +06:00,6,8
10/13/1983 12.16 +08:00,6,8
07/12/2004 04.16 -12:00,6,8
03/25/1973 03.52 +07:00,6,8
05/06/2011 16.26 ,7,8
06/21/2015 20.03 ,7,8
10/10/2011 14.08 ,7,8
03/14/1983 18.38 ,7,8
01/30/2011 08.09 PM,7,8
10/31/2001 22.25 ,7,8
17.07.1970 22:26+06:00,0,10
20.08.2010 02:04AM-12:00,0,10
19.01.2021 04:40PM-05:00,0,10
28.02.1970 14:25-01:00,0,10
14.03.1996 07:08PM+12:00,0,10
24.04.1993 15:47-12:00,0,10
30.05.1995 06:55PM+10:00,0,10
23.06.2011 00:28-06:00,0,10
19.07.2014 05:35PM-02:00,0,10
30.08.1982 07:06PM-11:00,0,10
24.09.2007 07:02AM+11:00,0,10
04.10.1981 15:19+10:00,0,10
24.11.1992 17:29+08:00,0,10
05.12.1980 13:03-10:00,0,10
08.11.1979 23:44+04:00,0,10
02.03.1984 03:53PM+12:00,0,10
28.04.1970 12:36AM-03:00,0,10
07.12.2002 20:05-10:00,0,10
10.01.1986 03:59PM-02:00,0,10
29.06.1983 01:49PM-02:00,0,10
01.08.2010 04:23AM+04:00,0,10
08.10.1991 22:06+12:00,0,10
02.05.1983 06:34AM-12:00,0,10
29.03.2021,0,14
"""22.08.2014""",1,14
"""27.05.1972""",1,14
"""05.04.1996 20:55-10:00""",2,10
"""26.12.2006 20:37-07:00""",2,10
28.01.2001 00:00+00:00,3,10
13.06.2010 12:00AM+00:00,3,10
26.09.82,4,14
06.03.04,4,14
09.07.89,4,14
08.01.00,4,14
07.11.13,4,14
17.06.81,4,14
05.06.02 02:49PM-10:00,5,10
04.07.15 20:17-12:00,5,10
12.08.75 02:34PM+03:00,5,10
19.10.89 17:11-10:00,5,10
28.01.13 00:58-08:00,5,10
24.04.89 21:23-10:00,5,10
10.11.2000 03:17-02:00,6,10
27.09.1995 08:34+12:00,6,10
01.09.2017 09:18+01:00,6,10
06.02.1989 10:23+01:00,6,10
17.09.2018 09:30-04:00,6,10
02.08.2004 01:07+04:00,6,10
27.07.2012 12:16+02:00,6,10
02.06.1982 05:58+11:00,6,10
05.11.1980 02:05-03:00,6,10
05.03.2015 03:44+12:00,6,10
01.08.2004 02:46AM,7,10
25.09.2011 12:08PM,7,10
20.09.1998 09:44AM,7,10
22.06.1995 07:37PM,7,10
20.04.1970 15:15,7,10
26.06.2005 02:43AM,7,10
07.07.1985 22:18:12.0647 -05:00,0,11
08.07.2007 10:57:22.0206AM -02:00,0,11
05.01.1977 05:12:39.0304PM +04:00,0,11
09.02.2009 06:01:47.0256AM +05:00,0,11
27.03.2010 00:05:31.0099 +03:00,0,11
11.04.1980 04:52:14.0539AM +04:00,0,11
19.05.2009 06:26:25.0271AM +12:00,0,11
08.06.2018 22:08:37.0682 +04:00,0,11
28.07.2004 01:43:28.0599AM +09:00,0,11
15.08.1992 03:23:40.0030PM +12:00,0,11
14.09.1973 07:33:00.0668PM +02:00,0,11
09.10.1971 11:30:37.0367AM -06:00,0,11
29.11.1986 07:28:58.0522AM +08:00,0,11
28.12.1983 12:11:26.0309PM -04:00,0,11
05.08.1988 01:58:39.0195PM -08:00,0,11
21.04.1989 04:35:45.0954AM -07:00,0,11
06.05.2005 23:23:30.0657 +07:00,0,11
07.08.1995 02:00:19.0300AM -12:00,0,11
02.09.1970 05:05:00.0020AM +09:00,0,11
06.01.2008 16:22:23.0004 +08:00,0,11
04.03.2013 06:36:59.0025AM -10:00,0,11
24.04.2017 17:56:43.0812 +05:00,0,11
02.10.1984 21:44:10.0469 -03:00,0,11
01.08.2008,0,14
"""07.02.2015""",1,14
"""05.01.1974""",1,14
"""21.07.2008 14:45:53.0276 -05:00""",2,11
"""29.08.2002 23:54:21.0606 +09:00""",2,11
19.05.1989 12:00:00.0000AM +00:00,3,11
19.01.2001 00:00:00.0000 +00:00,3,11
26.07.00,4,14
17.05.96,4,14
22.07.18,4,14
05.11.74,4,14
07.08.71,4,14
05.09.81,4,14
12.05.79 08:04:25.0591PM -05:00,5,11
12.02.17 11:38:14.0798PM +03:00,5,11
31.08.18 11:04:44.0818AM +11:00,5,11
11.07.14 19:46:52.0146 +00:00,5,11
12.12.77 16:17:01.0506 +04:00,5,11
08.12.00 22:50:09.0338 +09:00,5,11
30.06.2018 12:09:38.0823 -11:00,6,11
08.01.1986 12:23:44.0709 -11:00,6,11
11.10.1997 07:04:48.0185 -10:00,6,11
12.02.1978 02:03:22.0296 -12:00,6,11
18.06.1982 11:53:58.0537 +02:00,6,11
27.01.1993 07:13:34.0482 +12:00,6,11
08.12.1978 10:20:12.0080 -09:00,6,11
17.12.1972 06:55:04.0423 +07:00,6,11
24.07.1981 06:24:04.0804 +09:00,6,11
22.10.1979 01:59:27.0861 +03:00,6,11
04.01.2003 04:58:08.0049PM ,7,11
23.04.1978 21:48:42.0049 ,7,11
05.03.1989 04:48:18.0650AM ,7,11
30.01.1980 10:34:04.0148AM ,7,11
27.02.1980 02:11:01.0289AM ,7,11
13.08.1979 08:11:45.0323PM ,7,11
15.08.1998 14:32:16+04:00,0,12
23.12.2003 07:39:32AM+08:00,0,12
09.01.2014 19:10:27+04:00,0,12
20.02.2015 17:35:00+07:00,0,12
18.03.2019 15:48:52-11:00,0,12
09.04.2014 12:56:12PM-03:00,0,12
24.05.2011 06:39:56AM-02:00,0,12
03.06.1987 15:36:08-09:00,0,12
14.07.1971 08:12:24AM+01:00,0,12
08.08.1976 12:33:08PM-09:00,0,12
05.09.2005 21:49:06-04:00,0,12
19.10.2002 21:04:36+02:00,0,12
11.11.1982 21:38:42-03:00,0,12
05.12.2002 14:06:07+01:00,0,12
04.11.2003 17:24:27+10:00,0,12
14.12.2001 01:16:24PM+02:00,0,12
25.10.2021 13:40:52-07:00,0,12
15.05.2011 11:01:50AM-03:00,0,12
14.01.1986 23:51:08-11:00,0,12
17.11.2006 12:10:39AM+03:00,0,12
13.04.2004 14:09:14+03:00,0,12
20.03.1989 04:25:47AM+12:00,0,12
26.03.1989 08:05:40AM-11:00,0,12
06.09.1990,0,14
"""04.12.1975""",1,14
"""01.11.1983""",1,14
"""12.12.1981 21:09:18+06:00""",2,12
"""22.02.1978 20:04:46-12:00""",2,12
18.08.1982 12:00:00AM+00:00,3,12
24.04.1983 00:00:00+00:00,3,12
10.04.19,4,14
18.12.89,4,14
17.11.98,4,14
16.08.86,4,14
01.10.06,4,14
30.08.75,4,14
08.01.74 01:14:15AM-09:00,5,12
01.05.76 03:13:08AM+08:00,5,12
14.04.16 11:13:10AM-09:00,5,12
02.09.02 08:29:50AM+02:00,5,12
09.08.13 17:05:37+01:00,5,12
11.07.83 06:58:54PM+02:00,5,12
03.07.1973 11:15:26+01:00,6,12
10.09.1983 05:55:04-08:00,6,12
13.08.1978 06:08:54+06:00,6,12
02.08.2007 05:41:12-04:00,6,12
25.11.2016 06:03:45-08:00,6,12
30.03.1996 01:08:41+02:00,6,12
27.04.1997 09:38:45+10:00,6,12
01.01.1974 06:51:22-09:00,6,12
27.01.1970 12:59:04+08:00,6,12
31.01.2008 10:19:00+01:00,6,12
20.09.2017 20:41:38,7,12
29.01.1978 00:14:59,7,12
11.02.2014 06:53:27AM,7,12
29.08.1991 15:22:45,7,12
21.09.1999 08:15:40PM,7,12
09.06.2000 00:38:53,7,12
12.05.1986 01.18 PM-05:00,0,13
23.09.2011 07.34 AM-11:00,0,13
13.01.2000 19.04 +11:00,0,13
28.02.1998 05.08 AM-03:00,0,13
10.03.1999 08.29 PM-11:00,0,13
03.04.1988 20.14 -07:00,0,13
15.05.1974 08.01 PM+10:00,0,13
16.06.2001 04.29 PM-07:00,0,13
10.07.2009 09.53 AM-07:00,0,13
18.08.2006 22.18 -09:00,0,13
13.09.1995 22.29 +07:00,0,13
02.10.1996 17.22 -09:00,0,13
28.11.2012 13.03 -12:00,0,13
09.12.2014 22.47 +07:00,0,13
07.10.1979 07.25 PM-06:00,0,13
17.02.1986 09.39 PM-07:00,0,13
23.12.2018 21.50 +08:00,0,13
23.05.1988 00.00 -08:00,0,13
23.11.1975 21.19 -09:00,0,13
25.01.1989 09.34 AM-05:00,0,13
22.04.1981 14.31 +00:00,0,13
15.08.1985 13.20 +00:00,0,13
07.05.2004 16.08 -04:00,0,13
03.10.1990,0,14
"""14.04.2008""",1,14
"""03.01.1982""",1,14
"""17.10.2018 11.55 AM+06:00""",2,13
"""01.03.2013 13.47 -08:00""",2,13
16.12.1977 00.00 +00:00,3,13
14.03.1973 12.00 AM+00:00,3,13
29.12.02,4,14
27.05.09,4,14
21.05.72,4,14
13.07.98,4,14
11.02.85,4,14
25.01.82,4,14
26.04.01 22.38 +06:00,5,13
07.05.02 14.26 +03:00,5,13
09.03.13 03.23 PM+04:00,5,13
22.12.93 01.16 PM+08:00,5,13
16.11.12 08.59 PM-06:00,5,13
24.03.86 04.35 AM-08:00,5,13
11.06.2002 11.09 +01:00,6,13
03.03.1971 12.04 +08:00,6,13
23.11.2013 02.24 -09:00,6,13
10.02.2012 10.45 +09:00,6,13
25.09.2016 01.35 +05:00,6,13
26.08.1973 05.41 +03:00,6,13
21.12.1990 08.00 -08:00,6,13
05.04.1982 06.40 -09:00,6,13
19.01.2009 01.05 +03:00,6,13
01.10.1993 09.24 +04:00,6,13
17.06.1978 00.17 ,7,13
15.06.1980 19.13 ,7,13
28.08.1986 03.08 PM,7,13
22.11.1990 19.29 ,7,13
21.08.1988 05.38 PM,7,13
25.10.2002 21.00 ,7,13
1977/04/06 22:46+00:00,0,15
2014/08/16 18:27-02:00,0,15
2001/01/22 21:17+00:00,0,15
2002/02/23 21:49+09:00,0,15
2015/03/20 19:42-08:00,0,15
1997/04/01 10:21AM+11:00,0,15
1976/05/28 03:29AM+09:00,0,15
2002/06/22 08:31PM-05:00,0,15
2011/07/28 17:41+06:00,0,15
1988/08/16 09:48AM-11:00,0,15
1995/09/06 11:18PM+06:00,0,15
2012/10/03 06:11PM-01:00,0,15
2005/11/12 12:03PM-04:00,0,15
1973/12/18 20:09-03:00,0,15
2013/06/04 05:15AM+03:00,0,15
1978/04/15 08:30PM+00:00,0,15
2010/06/14 21:03+08:00,0,15
2013/04/22 06:08AM+03:00,0,15
1995/06/01 12:25PM-09:00,0,15
2008/07/11 06:00PM+01:00,0,15
1997/04/25 14:03-05:00,0,15
1994/07/11 02:53PM+08:00,0,15
1998/05/06 11:31PM-04:00,0,15
1993/09/15,0,19
"""1974/02/16""",1,19
"""2012/10/20""",1,19
"""1973/06/13 06:20AM+07:00""",2,15
"""2000/04/12 14:36+07:00""",2,15
1976/05/11 00:00+00:00,3,15
2020/08/24 00:00+00:00,3,15
21/06/17,4,19
95/09/07,4,19
91/02/07,4,19
82/04/22,4,19
18/10/30,4,19
87/05/01,4,19
18/05/15 02:46AM+03:00,5,15
11/05/03 02:04PM-08:00,5,15
86/09/02 12:35AM-06:00,5,15
82/01/14 02:31PM-09:00,5,15
95/03/24 07:27AM+07:00,5,15
82/06/25 09:50AM-03:00,5,15
1993/08/23 02:45-01:00,6,15
1983/11/08 05:31+08:00,6,15
2012/06/22 08:50-10:00,6,15
2017/04/13 07:55+04:00,6,15
2017/09/06 11:45+12:00,6,15
2011/02/15 05:08-12:00,6,15
2021/04/06 02:51-08:00,6,15
2019/06/17 12:21-04:00,6,15
2007/10/14 10:55+00:00,6,15
1987/12/25 07:20-04:00,6,15
2006/06/10 05:37AM,7,15
1978/08/05 18:01,7,15
2010/11/05 20:36,7,15
1975/06/11 20:32,7,15
2005/03/11 14:03,7,15
2020/02/25 17:18,7,15
1990/09/04 15:46:23.0306 +11:00,0,16
2003/01/26 00:08:09.0906 +09:00,0,16
1985/01/30 11:10:18.0890AM +08:00,0,16
1987/02/28 10:39:05.0189PM -06:00,0,16
1989/03/03 11:18:13.0527PM -09:00,0,16
2015/04/01 05:06:03.0382AM -07:00,0,16
1993/05/28 04:18:31.0671AM +04:00,0,16
1987/06/04 03:07:20.0122PM -08:00,0,16
1971/07/13 20:00:04.0754 -10:00,0,16
2019/08/01 11:41:25.0952AM -09:00,0,16
2002/09/14 17:06:36.0280 +00:00,0,16
1994/10/10 11:00:56.0586AM -08:00,0,16
1997/11/06 18:05:18.0568 +03:00,0,16
1989/12/12 01:34:05.0671AM +00:00,0,16
1987/04/05 02:01:27.0716PM +04:00,0,16
1994/08/18 02:58:52.0295PM +09:00,0,16
1977/11/14 17:30:55.0563 -04:00,0,16
1987/05/10 10:00:27.0447PM +06:00,0,16
1997/06/01 04:48:02.0539AM +04:00,0,16
1988/11/20 20:46:01.0005 +07:00,0,16
1989/03/16 12:09:37.0090PM -04:00,0,16
2000/12/09 23:17:35.0847 +12:00,0,16
2003/06/29 12:09:35.0503AM -05:00,0,16
1986/07/17,0,19
"""2012/01/07""",1,19
"""1970/04/30""",1,19
"""1981/10/13 18:30:49.0823 +11:00""",2,16
"""2011/05/21 21:37:10.0900 -02:00""",2,16
1974/06/07 12:00:00.0000AM +00:00,3,16
2018/02/01 00:00:00.0000 +00:00,3,16
13/12/11,4,19
76/10/31,4,19
82/11/03,4,19
14/12/31,4,19
91/10/15,4,19
88/09/29,4,19
02/06/01 22:34:11.0498 -08:00,5,16
16/09/10 17:10:23.0915 -07:00,5,16
92/04/09 11:22:24.0695PM +12:00,5,16
72/05/21 11:11:36.0986AM -03:00,5,16
16/12/04 14:52:27.0843 +07:00,5,16
80/11/04 11:17:14.0002PM -06:00,5,16
1975/11/17 07:18:16.0666 +03:00,6,16
1977/10/30 12:00:49.0532 -06:00,6,16
2011/06/13 06:01:56.0977 -10:00,6,16
1988/11/25 01:55:01.0926 +12:00,6,16
1970/12/05 08:57:31.0825 -02:00,6,16
2001/01/05 06:27:41.0595 -06:00,6,16
2003/06/06 02:19:56.0773 +08:00,6,16
1973/05/11 12:34:33.0861 +03:00,6,16
2004/09/18 01:53:22.0415 +00:00,6,16
2013/01/25 12:24:12.0851 -05:00,6,16
2007/05/25 07:28:10.0446PM ,7,16
1979/06/29 03:13:04.0900AM ,7,16
2021/03/05 14:18:34.0658 ,7,16
1993/11/24 13:50:01.0781 ,7,16
1981/03/23 10:03:00.0095AM ,7,16
2006/05/11 20:55:13.0698 ,7,16
1992/12/15 01:46:04PM-04:00,0,17
2002/02/20 22:14:44+08:00,0,17
2000/01/08 10:56:41AM-06:00,0,17
1988/02/20 22:02:15-10:00,0,17
2004/03/12 03:22:13AM-02:00,0,17
1995/04/29 19:07:42+09:00,0,17
1971/05/12 08:27:05PM-05:00,0,17
1974/06/14 05:24:44PM+08:00,0,17
2011/07/08 16:17:37+07:00,0,17
2016/08/20 04:37:42PM+10:00,0,17
2005/09/06 05:33:39AM-03:00,0,17
1984/10/29 09:41:40PM+08:00,0,17
2009/11/27 07:54:59AM+05:00,0,17
2014/12/11 13:13:23+04:00,0,17
2017/08/02 12:38:12AM-04:00,0,17
1972/09/30 04:58:53PM+10:00,0,17
1995/10/07 22:08:00-06:00,0,17
2017/04/13 00:03:26+08:00,0,17
1986/07/26 23:25:01-09:00,0,17
1988/09/10 23:44:15+04:00,0,17
2010/03/20 14:42:01-04:00,0,17
2019/01/01 20:10:14+10:00,0,17
2003/06/22 09:07:06AM-03:00,0,17
1990/07/22,0,19
"""1975/10/03""",1,19
"""1974/08/22""",1,19
"""2003/06/23 09:44:22PM-12:00""",2,17
"""2001/02/25 17:02:24-06:00""",2,17
2013/11/23 00:00:00+00:00,3,17
1996/10/06 12:00:00AM+00:00,3,17
18/05/08,4,19
13/11/27,4,19
77/04/03,4,19
89/10/14,4,19
74/03/05,4,19
78/12/14,4,19
97/09/29 20:59:16-10:00,5,17
71/07/28 22:50:02+10:00,5,17
80/06/12 16:09:31+03:00,5,17
11/06/26 22:56:09+12:00,5,17
96/10/12 13:22:18-02:00,5,17
21/05/06 02:12:58AM+07:00,5,17
1994/01/01 11:51:46-02:00,6,17
1996/07/07 12:08:29+06:00,6,17
2008/10/09 09:40:19+07:00,6,17
2019/08/20 07:25:52+04:00,6,17
1979/11/06 02:32:56+00:00,6,17
1970/05/28 10:40:35+11:00,6,17
1980/03/22 11:07:48+09:00,6,17
2009/08/09 06:21:40+11:00,6,17
1994/01/14 11:08:11+04:00,6,17
2003/09/11 05:51:35-06:00,6,17
1983/04/17 14:41:20,7,17
2021/05/02 07:50:18PM,7,17
1977/06/27 06:21:50AM,7,17
2009/11/19 07:19:03PM,7,17
1983/01/26 06:09:35AM,7,17
2007/12/19 03:47:52AM,7,17
1988/01/17 18.57 +07:00,0,18
2017/11/21 07.40 AM+05:00,0,18
1994/01/14 00.14 -06:00,0,18
1986/02/27 08.18 PM+12:00,0,18
1987/03/15 15.40 -12:00,0,18
1990/04/21 11.18 AM-02:00,0,18
2008/05/25 20.40 -03:00,0,18
1978/06/11 23.18 +11:00,0,18
1981/07/01 01.06 AM+03:00,0,18
2012/08/29 11.26 AM+08:00,0,18
1979/09/14 13.19 +07:00,0,18
2016/10/06 04.16 AM-09:00,0,18
2005/11/20 09.39 AM-05:00,0,18
2013/12/06 01.34 AM+11:00,0,18
2018/09/02 17.45 +11:00,0,18
2000/06/18 01.19 PM+08:00,0,18
2012/10/29 13.51 +11:00,0,18
1971/03/01 12.05 AM-07:00,0,18
2010/12/02 15.55 +08:00,0,18
1976/12/24 10.52 AM+11:00,0,18
1992/06/22 05.31 AM-06:00,0,18
1981/10/03 12.18 AM+02:00,0,18
1971/04/28 03.07 PM-09:00,0,18
1980/09/11,0,19
"""2015/05/19""",1,19
"""1994/01/14""",1,19
"""1987/02/26 15.06 -04:00""",2,18
"""2017/04/19 05.03 AM-01:00""",2,18
2017/05/09 00.00 +00:00,3,18
2017/08/15 00.00 +00:00,3,18
80/01/17,4,19
86/06/15,4,19
79/10/05,4,19
79/04/27,4,19
12/12/05,4,19
99/11/29,4,19
07/12/20 07.12 AM+12:00,5,18
04/02/21 13.35 +03:00,5,18
14/03/09 13.39 -03:00,5,18
20/09/22 20.53 -02:00,5,18
14/12/15 18.17 +08:00,5,18
02/01/29 01.54 PM+00:00,5,18
1970/01/06 10.40 -01:00,6,18
2009/05/09 08.18 +08:00,6,18
2019/08/22 04.57 +10:00,6,18
2020/08/21 08.00 -04:00,6,18
2006/05/26 12.25 +05:00,6,18
1993/05/06 08.21 +08:00,6,18
2010/04/08 05.17 -07:00,6,18
2001/05/01 03.24 +07:00,6,18
1976/06/25 10.48 +08:00,6,18
2010/03/15 06.30 -04:00,6,18
1988/12/28 03.06 AM,7,18
1978/08/26 22.54 ,7,18
2015/09/06 07.24 PM,7,18
2018/07/20 15.10 ,7,18
1982/12/19 09.58 PM,7,18
2021/05/28 06.21 PM,7,18
1973-08-04 23:46-05:00,0,20
2012-09-04 22:10+01:00,0,20
2002-01-05 11:02AM+09:00,0,20
1994-02-25 06:47PM+06:00,0,20
1995-03-28 17:34+08:00,0,20
1992-04-10 17:32+12:00,0,20
1996-05-06 08:27AM+00:00,0,20
2009-06-03 17:04+04:00,0,20
2014-07-08 02:21PM+01:00,0,20
1985-08-08 15:05-04:00,0,20
1992-09-25 07:55AM-07:00,0,20
1976-10-12 18:22-11:00,0,20
2015-11-10 11:20AM-03:00,0,20
2003-12-31 18:37+12:00,0,20
2021-05-01 05:05PM+05:00,0,20
1970-01-13 04:53PM-04:00,0,20
2000-01-07 19:09-12:00,0,20
2019-03-15 19:02+12:00,0,20
2002-09-30 15:58-12:00,0,20
1978-11-01 10:28PM+07:00,0,20
1985-10-08 04:55PM-05:00,0,20
1980-01-16 09:47PM+03:00,0,20
1986-08-09 13:30-07:00,0,20
2003-09-20,0,24
"""1973-12-18""",1,24
"""1992-08-05""",1,24
"""2012-10-03 22:22+02:00""",2,20
"""2015-09-08 21:18-05:00""",2,20
1980-09-25 00:00+00:00,3,20
1983-01-13 12:00AM+00:00,3,20
80-11-04,4,24
74-04-02,4,24
17-04-12,4,24
00-05-23,4,24
80-02-06,4,24
98-02-10,4,24
97-09-24 01:16AM+03:00,5,20
02-08-15 10:45PM-12:00,5,20
00-08-20 02:37AM-08:00,5,20
19-04-04 11:01AM-02:00,5,20
77-07-21 15:07+05:00,5,20
91-03-20 08:51PM-09:00,5,20
2007-07-09 07:04+11:00,6,20
2010-05-22 04:46+01:00,6,20
1989-08-04 05:50+07:00,6,20
2015-04-01 03:10+04:00,6,20
1998-08-14 12:18+06:00,6,20
1999-08-07 03:57+02:00,6,20
1984-01-28 04:42-05:00,6,20
2003-12-18 10:25-06:00,6,20
2007-04-04 02:16+05:00,6,20
2009-08-17 10:43+06:00,6,20
2012-01-12 03:31AM,7,20
1996-11-19 16:50,7,20
2010-05-04 21:51,7,20
2010-11-17 14:47,7,20
1972-01-24 11:01AM,7,20
2006-01-21 04:17AM,7,20
1997-06-21 01:49:21.0108AM +11:00,0,21
2013-04-27 23:34:58.0732 -11:00,0,21
1975-01-10 08:51:11.0663AM -11:00,0,21
1974-02-24 12:30:28.0057PM -11:00,0,21
2015-03-20 12:09:49.0798AM -07:00,0,21
1983-04-07 12:31:48.0673PM +12:00,0,21
2017-05-29 01:49:25.0329AM -10:00,0,21
1991-06-14 20:56:25.0237 +08:00,0,21
1978-07-14 10:33:26.0646AM -12:00,0,21
2009-08-08 15:16:29.0752 +10:00,0,21
1973-09-06 16:01:11.0453 -08:00,0,21
1996-10-03 15:08:55.0824 -11:00,0,21
2006-11-08 16:37:12.0858 -05:00,0,21
1978-12-24 09:37:54.0739AM -08:00,0,21
1972-10-04 10:25:42.0784PM +10:00,0,21
1992-04-21 08:36:25.0360AM -08:00,0,21
2013-09-29 13:12:23.0956 -07:00,0,21
2001-12-11 03:04:53.0051PM +09:00,0,21
1981-04-10 07:20:04.0334PM -02:00,0,21
2009-02-09 10:31:10.0009PM -07:00,0,21
2006-03-28 09:40:51.0032AM +00:00,0,21
2005-05-25 21:45:54.0458 +00:00,0,21
2021-04-30 22:26:10.0086 -07:00,0,21
1993-01-17,0,24
"""2006-06-11""",1,24
"""2020-10-19""",1,24
"""1983-02-22 02:33:06.0472PM +04:00""",2,21
"""1970-11-19 18:14:48.0982 -04:00""",2,21
1991-01-06 12:00:00.0000AM +00:00,3,21
2015-03-10 12:00:00.0000AM +00:00,3,21
99-08-20,4,24
03-05-12,4,24
14-09-04,4,24
72-03-21,4,24
05-05-15,4,24
99-11-13,4,24
91-12-03 15:49:34.0746 -06:00,5,21
95-09-10 03:47:13.0629PM +07:00,5,21
07-04-15 02:10:16.0001AM -12:00,5,21
78-03-23 10:22:27.0446AM +06:00,5,21
20-08-29 16:44:06.0912 +03:00,5,21
17-04-29 10:33:28.0113AM -01:00,5,21
2010-10-18 06:11:25.0576 +06:00,6,21
1976-11-08 02:04:16.0139 -12:00,6,21
2019-04-21 10:23:45.0637 -01:00,6,21
2010-09-28 10:22:03.0129 +08:00,6,21
1980-08-11 09:41:16.0648 +10:00,6,21
2007-06-16 09:46:42.0953 +11:00,6,21
2016-08-20 03:50:14.0429 -05:00,6,21
2000-08-09 07:21:29.0688 -06:00,6,21
1987-01-28 06:27:00.0221 +10:00,6,21
2007-05-27 06:32:07.0663 -01:00,6,21
1986-03-17 08:05:52.0972AM ,7,21
1991-12-30 10:44:05.0063AM ,7,21
2018-04-15 06:07:29.0940AM ,7,21
1994-07-28 23:12:41.0996 ,7,21
2014-01-27 21:34:45.0718 ,7,21
1991-06-03 00:01:43.0867 ,7,21
1988-05-06 09:15:21PM+02:00,0,22
2007-04-08 04:22:53AM+11:00,0,22
2020-01-28 17:24:20-09:00,0,22
2013-02-19 08:15:50AM-12:00,0,22
1983-03-03 11:24:07AM-03:00,0,22
1972-04-12 01:00:26PM+09:00,0,22
1985-05-03 01:25:43PM-07:00,0,22
1975-06-11 04:15:21AM+04:00,0,22
2021-07-26 09:29:26AM-04:00,0,22
1993-08-27 14:06:59+07:00,0,22
1978-09-02 03:33:04PM+06:00,0,22
1973-10-18 19:51:59-06:00,0,22
1996-11-06 04:27:43AM-09:00,0,22
1987-12-21 00:53:57+04:00,0,22
1987-04-09 17:16:30-12:00,0,22
2020-05-09 01:07:42AM-09:00,0,22
1993-07-30 23:17:32+02:00,0,22
2005-08-16 13:06:57-08:00,0,22
2001-10-11 03:48:02AM-01:00,0,22
1982-12-19 00:56:20-04:00,0,22
1998-06-14 19:51:08-12:00,0,22
2018-07-08 08:20:21PM+06:00,0,22
2000-10-24 16:40:51-06:00,0,22
1985-05-27,0,24
"""1993-03-20""",1,24
"""2010-03-26""",1,24
"""1971-09-02 17:06:32+09:00""",2,22
"""1977-04-26 11:58:32PM-01:00""",2,22
2020-07-18 00:00:00+00:00,3,22
2009-08-27 12:00:00AM+00:00,3,22
19-04-20,4,24
05-10-28,4,24
15-05-09,4,24
94-08-09,4,24
20-09-26,4,24
95-10-02,4,24
09-01-18 23:19:06+03:00,5,22
74-05-03 22:36:36-12:00,5,22
11-02-06 18:10:29+12:00,5,22
87-01-30 02:01:51PM+12:00,5,22
78-12-02 04:07:00AM-03:00,5,22
04-03-02 10:42:39PM+10:00,5,22
2015-09-19 05:01:27+09:00,6,22
2010-07-30 03:50:01+11:00,6,22
1984-01-13 10:18:57-06:00,6,22
1992-03-20 05:18:21-07:00,6,22
2020-12-04 09:43:46+03:00,6,22
2009-03-23 09:41:07-08:00,6,22
2011-12-07 10:25:55+06:00,6,22
1994-04-18 10:42:19-02:00,6,22
2000-10-01 06:26:16+03:00,6,22
1970-11-26 09:06:25+03:00,6,22
1983-05-09 02:14:35AM,7,22
2007-01-31 12:11:26PM,7,22
2018-03-18 09:57:47AM,7,22
2006-11-18 21:26:18,7,22
2009-07-24 18:34:18,7,22
2003-08-29 14:15:59,7,22
1998-01-04 15.41 +09:00,0,23
2016-11-16 22.54 -05:00,0,23
2002-01-30 04.11 AM-12:00,0,23
1980-02-27 19.11 +00:00,0,23
1990-03-28 02.24 AM+04:00,0,23
1986-04-26 10.34 AM+10:00,0,23
2003-05-30 03.38 PM+01:00,0,23
1981-06-25 08.44 AM-12:00,0,23
1978-07-29 01.51 PM-12:00,0,23
1996-08-12 14.13 -04:00,0,23
2014-09-29 13.34 -06:00,0,23
1987-10-23 15.20 +09:00,0,23
1991-11-22 03.43 PM-04:00,0,23
2014-12-06 08.24 PM+10:00,0,23
1971-09-08 23.45 -09:00,0,23
1971-09-23 09.36 AM-11:00,0,23
2019-03-06 20.06 -11:00,0,23
2010-06-24 06.07 PM+12:00,0,23
1974-09-06 09.15 AM+09:00,0,23
2009-07-06 18.12 +10:00,0,23
2008-04-04 17.23 +05:00,0,23
2014-09-11 05.53 AM+03:00,0,23
1987-01-28 23.02 -05:00,0,23
2021-11-09,0,24
"""1978-03-16""",1,24
"""1985-10-17""",1,24
"""1970-02-03 11.40 AM+05:00""",2,23
"""2012-09-26 09.46 PM+09:00""",2,23
2020-01-12 00.00 +00:00,3,23
2011-04-26 00.00 +00:00,3,23
13-01-03,4,24
03-12-06,4,24
09-01-23,4,24
91-11-14,4,24
98-04-16,4,24
73-12-26,4,24
78-12-15 11.06 PM+00:00,5,23
13-10-14 12.58 PM+07:00,5,23
76-07-25 02.28 PM+04:00,5,23
09-06-24 14.49 +04:00,5,23
13-04-13 17.49 -01:00,5,23
89-09-06 11.49 AM-09:00,5,23
2018-07-14 11.40 -06:00,6,23
2006-10-07 06.26 +08:00,6,23
1973-01-26 05.10 -03:00,6,23
1974-09-10 06.40 +04:00,6,23
2001-11-13 01.45 +03:00,6,23
2000-04-11 03.36 +11:00,6,23
1997-08-23 09.09 +00:00,6,23
2001-07-06 07.06 +07:00,6,23
2007-11-08 10.54 -02:00,6,23
1999-05-15 11.57 +01:00,6,23
2012-09-10 09.53 PM,7,23
1989-03-30 14.29 ,7,23
1976-02-07 17.20 ,7,23
1983-10-11 18.35 ,7,23
2017-04-29 04.09 PM,7,23
1996-04-05 06.38 AM,7,23
"October 07, 1971 07:15PM-01:00",0,25
"August 30, 2015 11:49AM+00:00",0,25
"January 28, 1974 18:10+05:00",0,25
"February 13, 2001 06:11PM-10:00",0,25
"March 08, 1986 13:17-03:00",0,25
"April 23, 2007 14:52-06:00",0,25
"May 31, 2002 09:10AM-06:00",0,25
"June 25, 1982 07:24PM-09:00",0,25
"July 15, 2011 10:42PM-04:00",0,25
"August 10, 2002 11:30AM-10:00",0,25
"September 06, 1993 02:33PM+12:00",0,25
"October 16, 1997 20:08-08:00",0,25
"November 13, 1996 13:57+12:00",0,25
"December 03, 1979 19:20+00:00",0,25
"January 05, 1985 18:55+07:00",0,25
"September 19, 1991 08:53PM-04:00",0,25
"November 19, 1974 12:18AM+01:00",0,25
"February 11, 2021 16:00+06:00",0,25
"February 04, 1987 11:42AM-10:00",0,25
"April 17, 1992 16:28-04:00",0,25
"September 21, 1972 11:10PM+02:00",0,25
"February 19, 1980 22:26+04:00",0,25
"January 11, 1996 07:48PM-05:00",0,25
"January 24, 2018",0,29
"""November 01, 1975""",1,29
"""May 15, 2018""",1,29
"""March 29, 1970 19:13-02:00""",2,25
"""August 25, 2007 14:23-07:00""",2,25
"August 15, 2003 12:00AM+00:00",3,25
"November 07, 1987 12:00AM+00:00",3,25
"May 29, 99",4,29
"March 30, 70",4,29
"April 06, 78",4,29
"November 04, 75",4,29
"October 17, 72",4,29
"January 31, 80",4,29
"December 23, 70 19:30+05:00",5,25
"September 05, 90 11:51PM+05:00",5,25
"November 23, 74 03:02PM-08:00",5,25
"December 06, 89 00:15+00:00",5,25
"March 24, 90 00:33-04:00",5,25
"April 09, 08 16:41+07:00",5,25
"October 31, 2020 11:40-04:00",6,25
"May 14, 1974 06:37-12:00",6,25
"October 03, 1988 04:38+03:00",6,25
"September 12, 1995 02:02-07:00",6,25
"November 04, 2018 07:38-03:00",6,25
"June 09, 1981 01:07+07:00",6,25
"May 14, 1994 02:15+02:00",6,25
"January 25, 2000 02:34+02:00",6,25
"February 17, 2008 04:28-10:00",6,25
"December 25, 1992 01:44-01:00",6,25
"September 29, 2012 09:13PM",7,25
"February 07, 2017 13:33",7,25
"March 26, 1970 16:02",7,25
"July 29, 2005 19:02",7,25
"November 18, 2011 18:36",7,25
"August 12, 1998 08:53AM",7,25
"October 19, 1989 16:14:45.0974 +02:00",0,26
"June 29, 2017 12:44:45.0575PM +03:00",0,26
"January 09, 2014 10:33:34.0231PM +07:00",0,26
"February 25, 2004 10:41:35.0467PM -12:00",0,26
"March 07, 2004 10:41:09.0155AM +02:00",0,26
"April 12, 2003 22:58:23.0478 -11:00",0,26
"May 21, 2000 00:12:39.0451 -02:00",0,26
"June 17, 2002 06:01:41.0363PM +07:00",0,26
"July 06, 2006 04:51:31.0729AM +00:00",0,26
"August 22, 2007 13:10:00.0562 +06:00",0,26
"September 08, 1970 20:52:24.0750 +12:00",0,26
"October 03, 1996 08:48:43.0604PM +05:00",0,26
"November 22, 2003 06:35:06.0424AM -08:00",0,26
"December 16, 1988 12:47:13.0067AM -10:00",0,26
"June 04, 1999 23:42:57.0576 -05:00",0,26
"November 16, 1978 04:55:45.0266PM +06:00",0,26
"January 05, 1984 16:58:04.0782 -03:00",0,26
"June 17, 1987 11:08:43.0798PM +10:00",0,26
"March 20, 1977 01:16:07.0571AM +10:00",0,26
"October 04, 1989 16:47:59.0003 +07:00",0,26
"May 16, 2019 23:27:01.0026 -12:00",0,26
"December 28, 2018 04:27:35.0397PM +09:00",0,26
"April 24, 1999 06:54:36.0733PM -04:00",0,26
"October 12, 2014",0,29
"""November 07, 1988""",1,29
"""November 01, 1983""",1,29
"""October 02, 2001 02:12:44.0489PM -02:00""",2,26
"""February 20, 2013 19:35:49.0958 -12:00""",2,26
"March 10, 2019 12:00:00.0000AM +00:00",3,26
"July 10, 1981 12:00:00.0000AM +00:00",3,26
"May 16, 87",4,29
"August 02, 08",4,29
"October 16, 90",4,29
"August 22, 10",4,29
"October 08, 00",4,29
"August 08, 14",4,29
"July 16, 01 15:11:55.0763 -05:00",5,26
"January 20, 74 06:20:11.0416AM +08:00",5,26
"January 06, 81 20:00:29.0574 +10:00",5,26
"October 27, 89 15:58:12.0503 +08:00",5,26
"May 13, 20 14:58:48.0007 -03:00",5,26
"December 07, 89 16:59:55.0315 +07:00",5,26
"May 10, 1995 05:55:11.0143 -12:00",6,26
"November 18, 2009 09:41:33.0785 -01:00",6,26
"September 07, 2014 04:07:29.0904 +09:00",6,26
"July 15, 2018 09:44:12.0077 +06:00",6,26
"June 26, 1977 02:56:08.0769 -10:00",6,26
"June 25, 1997 08:02:25.0638 -01:00",6,26
"August 05, 2020 01:48:55.0882 +07:00",6,26
"June 04, 1975 05:24:55.0412 +03:00",6,26
"March 08, 2004 12:08:18.0352 -06:00",6,26
"July 06, 2000 08:39:41.0524 -09:00",6,26
"November 25, 1997 22:42:50.0384 ",7,26
"February 18, 1981 06:38:12.0643PM ",7,26
"October 07, 2019 10:01:55.0939AM ",7,26
"November 22, 2013 14:52:22.0131 ",7,26
"October 27, 2015 20:16:55.0427 ",7,26
"September 22, 2019 10:30:27.0339PM ",7,26
"August 06, 1984 08:59:26PM+01:00",0,27
"March 19, 2000 18:02:49-12:00",0,27
"January 13, 1978 11:53:04PM-12:00",0,27
"February 07, 1974 21:13:24+02:00",0,27
"March 28, 2008 18:20:32-05:00",0,27
"April 09, 2005 20:22:27-03:00",0,27
"May 09, 1974 09:13:14AM-12:00",0,27
"June 03, 1995 02:53:23PM+06:00",0,27
"July 23, 2015 21:22:23-08:00",0,27
"August 13, 1979 12:04:01PM+06:00",0,27
"September 16, 1970 15:10:21-12:00",0,27
"October 08, 1971 21:39:50+00:00",0,27
"November 25, 1973 05:50:22AM-03:00",0,27
"December 25, 2020 23:24:45-12:00",0,27
"December 07, 2017 16:27:33+01:00",0,27
"January 01, 1987 01:28:34PM+07:00",0,27
"June 05, 1986 15:46:28-09:00",0,27
"April 02, 2001 14:06:02-09:00",0,27
"July 06, 1979 03:34:01AM-01:00",0,27
"May 16, 2016 06:25:40AM-09:00",0,27
"September 23, 1980 19:16:23-10:00",0,27
"September 09, 1994 19:29:29+01:00",0,27
"May 08, 2008 08:29:35AM-05:00",0,27
"August 11, 2012",0,29
"""June 27, 1985""",1,29
"""April 02, 1981""",1,29
"""October 12, 2011 13:01:57+11:00""",2,27
"""April 26, 1986 12:58:33AM+11:00""",2,27
"October 04, 1982 00:00:00+00:00",3,27
"January 04, 1991 12:00:00AM+00:00",3,27
"November 13, 04",4,29
"June 14, 89",4,29
"March 24, 95",4,29
"February 01, 13",4,29
"May 16, 80",4,29
"April 15, 99",4,29
"January 29, 89 09:08:28AM-09:00",5,27
"November 29, 85 13:56:25+03:00",5,27
"September 04, 95 23:11:00+05:00",5,27
"February 03, 20 10:39:35PM+08:00",5,27
"December 09, 16 01:56:49AM+10:00",5,27
"November 28, 93 05:31:33AM-10:00",5,27
"January 04, 1971 02:38:53+05:00",6,27
"November 27, 2000 03:20:46-11:00",6,27
"November 24, 2021 12:04:22+05:00",6,27
"November 07, 2005 06:50:16+11:00",6,27
"November 25, 1970 12:14:56+05:00",6,27
"December 23, 2011 02:31:02-09:00",6,27
"November 12, 1997 06:39:27+07:00",6,27
"April 07, 1993 10:05:18-11:00",6,27
"January 20, 1976 05:36:22-05:00",6,27
"June 16, 1996 06:28:46-09:00",6,27
"March 28, 2012 11:15:02PM",7,27
"January 21, 1994 00:31:12",7,27
"August 14, 2021 15:59:29",7,27
"May 23, 1984 15:14:26",7,27
"March 23, 1986 17:20:05",7,27
"June 23, 1995 08:35:55PM",7,27
"December 22, 1977 12.45 PM-09:00",0,28
"September 02, 2014 18.17 -11:00",0,28
"January 14, 1994 12.58 PM+10:00",0,28
"February 10, 2008 12.59 PM-03:00",0,28
"March 10, 1992 16.42 -08:00",0,28
"April 20, 1992 02.25 PM-09:00",0,28
"May 01, 1990 05.29 PM+08:00",0,28
"June 05, 1993 09.05 PM+02:00",0,28
"July 26, 2013 00.42 +02:00",0,28
"August 06, 1992 22.02 +10:00",0,28
"September 17, 1984 15.58 -06:00",0,28
"October 05, 1973 14.53 +10:00",0,28
"November 03, 1984 12.19 AM-07:00",0,28
"December 28, 2005 17.35 +02:00",0,28
"January 04, 2010 07.52 PM+06:00",0,28
"February 13, 2006 01.50 PM+08:00",0,28
"December 15, 2011 19.16 -10:00",0,28
"August 19, 1979 12.09 PM+08:00",0,28
"July 10, 2020 16.19 +04:00",0,28
"July 22, 2010 16.36 -11:00",0,28
"March 22, 1994 17.32 +10:00",0,28
"January 22, 2003 15.56 +06:00",0,28
"August 04, 1977 00.47 -04:00",0,28
"June 05, 2002",0,29
"""May 05, 1970""",1,29
"""July 08, 2018""",1,29
"""January 08, 2004 02.18 PM-07:00""",2,28
"""March 05, 1970 04.22 PM-04:00""",2,28
"August 21, 2011 12.00 AM+00:00",3,28
"October 12, 1990 00.00 +00:00",3,28
"May 11, 80",4,29
"May 16, 90",4,29
"October 22, 11",4,29
"February 12, 80",4,29
"July 20, 80",4,29
"July 08, 92",4,29
"April 29, 71 05.11 AM+01:00",5,28
"January 03, 90 06.36 PM-02:00",5,28
"April 15, 16 21.25 -12:00",5,28
"October 09, 01 16.35 +05:00",5,28
"June 16, 81 15.03 -07:00",5,28
"March 07, 98 21.35 +12:00",5,28
"November 04, 1981 10.34 -05:00",6,28
"May 02, 1993 03.59 -05:00",6,28
"January 05, 1997 10.15 +01:00",6,28
"December 20, 1973 12.31 -07:00",6,28
"November 07, 1989 05.17 -11:00",6,28
"October 09, 1998 06.27 +08:00",6,28
"September 11, 1988 04.39 +09:00",6,28
"September 16, 1971 10.01 +10:00",6,28
"August 02, 2011 07.18 +12:00",6,28
"February 07, 1990 02.16 +02:00",6,28
"April 12, 1975 07.44 PM",7,28
"March 15, 1975 12.13 AM",7,28
"June 15, 2010 21.20 ",7,28
"March 16, 2014 21.55 ",7,28
"December 29, 1983 06.37 PM",7,28
"March 13, 1998 12.12 AM",7,28
